Chromosome,Position,rsID,Reference,Alternate,Source,Filters - exomes,Filters - genomes,HGVS Consequence,Protein Consequence,Transcript Consequence,VEP Annotation,ClinVar Clinical Significance,Flags,Allele Count,Allele Number,Allele Frequency,Homozygote Count,Hemizygote Count,Allele Count African/African-American,Allele Number African/African-American,Homozygote Count African/African-American,Hemizygote Count African/African-American,Allele Count Latino/Admixed American,Allele Number Latino/Admixed American,Homozygote Count Latino/Admixed American,Hemizygote Count Latino/Admixed American,Allele Count Ashkenazi Jewish,Allele Number Ashkenazi Jewish,Homozygote Count Ashkenazi Jewish,Hemizygote Count Ashkenazi Jewish,Allele Count East Asian,Allele Number East Asian,Homozygote Count East Asian,Hemizygote Count East Asian,Allele Count European (Finnish),Allele Number European (Finnish),Homozygote Count European (Finnish),Hemizygote Count European (Finnish),Allele Count European (non-Finnish),Allele Number European (non-Finnish),Homozygote Count European (non-Finnish),Hemizygote Count European (non-Finnish),Allele Count Other,Allele Number Other,Homozygote Count Other,Hemizygote Count Other,Allele Count South Asian,Allele Number South Asian,Homozygote Count South Asian,Hemizygote Count South Asian
2,113817017,rs1436148049,T,G,gnomAD Exomes,PASS,NA,p.Met1?,p.Met1?,c.2T>G,start_lost,,,1,251468,0.000003976649116388566,0,0,0,16256,0,0,0,34590,0,0,0,10080,0,0,0,18394,0,0,0,21646,0,0,1,113746,0,0,0,6140,0,0,0,30616,0,0
2,113817019,rs1292126146,G,T,gnomAD Exomes,PASS,NA,p.Val2Phe,p.Val2Phe,c.4G>T,missense_variant,,,1,251466,0.000003976680744116501,0,0,0,16256,0,0,0,34588,0,0,0,10080,0,0,1,18394,0,0,0,21646,0,0,0,113746,0,0,0,6140,0,0,0,30616,0,0
2,113817023,rs766403906,T,C,gnomAD Exomes,PASS,NA,p.Leu3Pro,p.Leu3Pro,c.8T>C,missense_variant,,,6,251466,0.000023860084464699004,0,0,0,16256,0,0,6,34590,0,0,0,10080,0,0,0,18394,0,0,0,21646,0,0,0,113744,0,0,0,6140,0,0,0,30616,0,0
2,113817031,rs751575453,G,A,gnomAD Exomes,PASS,NA,p.Ala6Thr,p.Ala6Thr,c.16G>A,missense_variant,,,3,251466,0.000011930042232349502,0,0,0,16256,0,0,1,34592,0,0,0,10080,0,0,2,18394,0,0,0,21644,0,0,0,113746,0,0,0,6138,0,0,0,30616,0,0
2,113817032,rs767435510,C,T,gnomAD Exomes,PASS,NA,p.Ala6Val,p.Ala6Val,c.17C>T,missense_variant,,,2,251456,0.000007953677780605752,0,0,0,16256,0,0,0,34592,0,0,0,10080,0,0,0,18394,0,0,0,21642,0,0,2,113738,0,0,0,6138,0,0,0,30616,0,0
2,113817037,rs1451225576,T,C,gnomAD Exomes,PASS,NA,p.Cys8Arg,p.Cys8Arg,c.22T>C,missense_variant,,,1,251464,0.0000039767123723475325,0,0,0,16256,0,0,0,34592,0,0,0,10080,0,0,0,18394,0,0,0,21644,0,0,0,113746,0,0,0,6136,0,0,1,30616,0,0
2,113817044,rs752880718,G,A,gnomAD Exomes,PASS,NA,p.Arg10Gln,p.Arg10Gln,c.29G>A,missense_variant,,,4,251454,0.000015907482084198304,0,0,0,16254,0,0,0,34592,0,0,0,10080,0,0,0,18394,0,0,0,21642,0,0,1,113738,0,0,0,6138,0,0,3,30616,0,0
2,113818440,rs757585712,C,T,gnomAD Exomes,PASS,NA,p.Ser14Leu,p.Ser14Leu,c.41C>T,missense_variant,,,7,251310,0.000027854044805220645,0,0,0,16242,0,0,2,34570,0,0,0,10074,0,0,1,18394,0,0,0,21628,0,0,1,113678,0,0,0,6132,0,0,3,30592,0,0
2,113818442,rs750910337,G,A,gnomAD Exomes,PASS,NA,p.Ala15Thr,p.Ala15Thr,c.43G>A,missense_variant,,,1,251350,0.000003978516013526954,0,0,0,16238,0,0,0,34574,0,0,0,10074,0,0,0,18392,0,0,0,21636,0,0,1,113698,0,0,0,6136,0,0,0,30602,0,0
2,113818443,rs1378866541,C,T,gnomAD Exomes,PASS,NA,p.Ala15Val,p.Ala15Val,c.44C>T,missense_variant,,,3,251360,0.000011935073201782304,0,0,0,16248,0,0,0,34578,0,0,0,10074,0,0,0,18394,0,0,0,21638,0,0,3,113694,0,0,0,6136,0,0,0,30598,0,0
2,113818451,rs545673991,G,T,gnomAD Exomes,PASS,NA,p.Val18Leu,p.Val18Leu,c.52G>T,missense_variant,,,2,251404,0.000007955322906556777,0,0,0,16250,0,0,0,34578,0,0,0,10076,0,0,2,18394,0,0,0,21642,0,0,0,113714,0,0,0,6138,0,0,0,30612,0,0
2,113818461,rs1285007154,T,C,gnomAD Exomes,PASS,NA,p.Leu21Pro,p.Leu21Pro,c.62T>C,missense_variant,,,1,251426,0.0000039773134043416354,0,0,0,16256,0,0,0,34588,0,0,0,10076,0,0,0,18394,0,0,0,21646,0,0,0,113718,0,0,0,6138,0,0,1,30610,0,0
2,113818475,rs1261104310,C,T,gnomAD Genomes,NA,PASS,p.Leu26Phe,p.Leu26Phe,c.76C>T,missense_variant,,,1,31390,0.00003185727938834024,0,0,1,8708,0,0,0,848,0,0,0,290,0,0,0,1560,0,0,0,3476,0,0,0,15422,0,0,0,1086,0,0,0,0,0,0
2,113818479,rs387906914,T,C,"gnomAD Exomes,gnomAD Genomes",PASS,PASS,p.Leu27Pro,p.Leu27Pro,c.80T>C,missense_variant,Pathogenic,,58,282832,0.00020506873338236125,1,0,0,24962,0,0,47,35440,0,0,0,10364,0,0,0,19954,0,0,0,25124,0,0,1,129154,0,0,10,7224,1,0,0,30610,0,0
2,113818487,rs147389610,G,A,gnomAD Exomes,PASS,NA,p.Gly30Arg,p.Gly30Arg,c.88G>A,missense_variant,,,2,251444,0.000007954057364661714,0,0,1,16256,0,0,0,34590,0,0,0,10078,0,0,0,18394,0,0,0,21648,0,0,1,113730,0,0,0,6138,0,0,0,30610,0,0
2,113818490,rs777423707,C,A,gnomAD Exomes,PASS,NA,p.Leu31Met,p.Leu31Met,c.91C>A,missense_variant,,,3,251434,0.000011931560568578633,0,0,0,16256,0,0,0,34590,0,0,0,10078,0,0,0,18394,0,0,0,21646,0,0,3,113722,0,0,0,6138,0,0,0,30610,0,0
2,113818491,rs748900555,T,G,gnomAD Exomes,PASS,NA,p.Leu31Arg,p.Leu31Arg,c.92T>G,missense_variant,,,1,251438,0.000003977123585138285,0,0,0,16252,0,0,0,34590,0,0,0,10078,0,0,0,18394,0,0,0,21648,0,0,0,113728,0,0,0,6138,0,0,1,30610,0,0
2,113818499,rs770722493,G,A,gnomAD Exomes,PASS,NA,p.Gly34Arg,p.Gly34Arg,c.100G>A,missense_variant,,,6,251418,0.000023864639763262773,0,0,0,16250,0,0,2,34586,0,0,0,10074,0,0,0,18394,0,0,0,21646,0,0,0,113720,0,0,0,6138,0,0,4,30610,0,0
2,113818503,rs187015338,A,G,"gnomAD Exomes,gnomAD Genomes",PASS,PASS,p.Lys35Arg,p.Lys35Arg,c.104A>G,missense_variant,Pathogenic,,51,282810,0.0001803330858173332,0,0,0,24954,0,0,0,35434,0,0,0,10364,0,0,0,19954,0,0,14,25122,0,0,35,129146,0,0,2,7224,0,0,0,30612,0,0
2,113818514,rs745787528,G,A,gnomAD Exomes,PASS,NA,p.Gly39Ser,p.Gly39Ser,c.115G>A,missense_variant,,"lc_lof,os_lof",2,251398,0.000007955512772575756,0,0,0,16248,0,0,0,34580,0,0,0,10074,0,0,2,18394,0,0,0,21642,0,0,0,113722,0,0,0,6134,0,0,0,30604,0,0
2,113819706,rs771984756,G,C,gnomAD Exomes,PASS,NA,p.Glu41Gln,p.Glu41Gln,c.121G>C,missense_variant,,,1,250838,0.000003986636793468294,0,0,0,16220,0,0,0,34550,0,0,0,10060,0,0,1,18388,0,0,0,21480,0,0,0,113414,0,0,0,6126,0,0,0,30600,0,0
2,113819710,rs775349262,T,A,gnomAD Exomes,PASS,NA,p.Ile42Asn,p.Ile42Asn,c.125T>A,missense_variant,,,1,250970,0.000003984539984858748,0,0,0,16228,0,0,0,34560,0,0,0,10064,0,0,0,18390,0,0,0,21512,0,0,1,113482,0,0,0,6124,0,0,0,30610,0,0
2,113819714,rs746926429,C,A,gnomAD Exomes,PASS,NA,p.Ser43Arg,p.Ser43Arg,c.129C>A,missense_variant,,,2,251052,0.000007966477064512531,0,0,0,16232,0,0,0,34568,0,0,0,10064,0,0,2,18388,0,0,0,21530,0,0,0,113536,0,0,0,6122,0,0,0,30612,0,0
2,113819715,rs776622427,G,A,gnomAD Exomes,PASS,NA,p.Val44Met,p.Val44Met,c.130G>A,missense_variant,Uncertain significance,,5,251086,0.000019913495774356197,0,0,0,16234,0,0,0,34570,0,0,0,10060,0,0,0,18392,0,0,1,21544,0,0,2,113548,0,0,0,6124,0,0,2,30614,0,0
2,113819715,rs776622427,G,T,gnomAD Exomes,PASS,NA,p.Val44Leu,p.Val44Leu,c.130G>T,missense_variant,,,4,251086,0.000015930796619484958,0,0,0,16234,0,0,4,34570,0,0,0,10060,0,0,0,18392,0,0,0,21544,0,0,0,113548,0,0,0,6124,0,0,0,30614,0,0
2,113819719,rs1217668855,T,C,gnomAD Exomes,PASS,NA,p.Val45Ala,p.Val45Ala,c.134T>C,missense_variant,,,1,251146,0.00000398174766868674,0,0,0,16234,0,0,0,34572,0,0,0,10066,0,0,0,18392,0,0,0,21546,0,0,1,113590,0,0,0,6134,0,0,0,30612,0,0
2,113819721,rs145099228,C,T,"gnomAD Exomes,gnomAD Genomes",PASS,PASS,p.Pro46Ser,p.Pro46Ser,c.136C>T,missense_variant,Uncertain significance,,49,282500,0.0001734513274336283,0,0,33,24934,0,0,14,35420,0,0,0,10354,0,0,1,19952,0,0,0,25044,0,0,1,128966,0,0,0,7218,0,0,0,30612,0,0
2,113819725,rs28938777,A,T,gnomAD Exomes,PASS,NA,p.Asn47Ile,p.Asn47Ile,c.140A>T,missense_variant,,,1,251190,0.000003981050201043035,0,0,1,16238,0,0,0,34574,0,0,0,10068,0,0,0,18390,0,0,0,21578,0,0,0,113600,0,0,0,6130,0,0,0,30612,0,0
2,113819725,rs28938777,A,G,"gnomAD Exomes,gnomAD Genomes",PASS,PASS,p.Asn47Ser,p.Asn47Ser,c.140A>G,missense_variant,Benign,,1313,282524,0.004647392787869349,30,0,24,24930,0,0,7,35422,0,0,0,10358,0,0,1123,19950,29,0,41,25052,0,0,59,128984,0,0,16,7216,0,0,43,30612,1,0
2,113819727,rs151325121,C,T,"gnomAD Exomes,gnomAD Genomes",PASS,PASS,p.Arg48Trp,p.Arg48Trp,c.142C>T,missense_variant,Uncertain significance,,72,282492,0.0002548744743213967,0,0,0,24934,0,0,0,35418,0,0,0,10354,0,0,0,19952,0,0,22,25040,0,0,49,128970,0,0,1,7216,0,0,0,30608,0,0
2,113819728,rs766851347,G,A,gnomAD Exomes,PASS,NA,p.Arg48Gln,p.Arg48Gln,c.143G>A,missense_variant,,,1,251188,0.000003981081898816823,0,0,0,16244,0,0,0,34576,0,0,0,10066,0,0,1,18394,0,0,0,21586,0,0,0,113578,0,0,0,6130,0,0,0,30614,0,0
2,113819738,rs1281125408,T,G,gnomAD Genomes,NA,PASS,p.Asp51Glu,p.Asp51Glu,c.153T>G,missense_variant,,,2,31332,0.00006383250351078769,0,0,0,8694,0,0,0,848,0,0,0,290,0,0,0,1558,0,0,0,3470,0,0,2,15384,0,0,0,1088,0,0,0,0,0,0
2,113819739,rs755465505,G,A,gnomAD Exomes,PASS,NA,p.Ala52Thr,p.Ala52Thr,c.154G>A,missense_variant,,,1,251206,0.000003980796637023001,0,0,0,16242,0,0,0,34578,0,0,0,10070,0,0,1,18386,0,0,0,21588,0,0,0,113596,0,0,0,6130,0,0,0,30616,0,0
2,113819744,rs1168640550,C,G,gnomAD Exomes,PASS,NA,p.Ser53Arg,p.Ser53Arg,c.159C>G,missense_variant,,,1,251270,0.000003979782703864369,0,0,0,16244,0,0,0,34580,0,0,0,10070,0,0,0,18392,0,0,0,21616,0,0,0,113616,0,0,0,6136,0,0,1,30616,0,0
2,113819745,rs763641466,C,A,gnomAD Exomes,PASS,NA,p.Leu54Met,p.Leu54Met,c.160C>A,missense_variant,,,1,251270,0.000003979782703864369,0,0,1,16244,0,0,0,34580,0,0,0,10068,0,0,0,18392,0,0,0,21612,0,0,0,113624,0,0,0,6134,0,0,0,30616,0,0
2,113819749,rs1458580125,C,T,gnomAD Exomes,PASS,NA,p.Ser55Phe,p.Ser55Phe,c.164C>T,missense_variant,Uncertain significance,,1,251290,0.0000039794659556687495,0,0,0,16238,0,0,1,34580,0,0,0,10072,0,0,0,18392,0,0,0,21626,0,0,0,113634,0,0,0,6134,0,0,0,30614,0,0
2,113819752,rs753333482,C,A,gnomAD Exomes,PASS,NA,p.Pro56His,p.Pro56His,c.167C>A,missense_variant,,,1,251314,0.000003979085924381451,0,0,0,16242,0,0,1,34580,0,0,0,10074,0,0,0,18392,0,0,0,21628,0,0,0,113646,0,0,0,6136,0,0,0,30616,0,0
2,113819752,rs753333482,C,T,gnomAD Exomes,PASS,NA,p.Pro56Leu,p.Pro56Leu,c.167C>T,missense_variant,,,2,251314,0.000007958171848762902,0,0,0,16242,0,0,0,34580,0,0,0,10074,0,0,0,18392,0,0,0,21628,0,0,0,113646,0,0,0,6136,0,0,2,30616,0,0
2,113819754,rs77864207,G,A,"gnomAD Exomes,gnomAD Genomes",PASS,PASS,p.Val57Ile,p.Val57Ile,c.169G>A,missense_variant,Conflicting interpretations of pathogenicity,,152,282632,0.0005378018058818534,1,0,107,24934,0,0,1,35430,0,0,0,10366,0,0,31,19946,0,0,0,25088,0,0,8,129032,0,0,1,7220,0,0,4,30616,1,0
2,113819757,rs750090416,A,G,gnomAD Exomes,PASS,NA,p.Ile58Val,p.Ile58Val,c.172A>G,missense_variant,,,2,251310,0.000007958298515777328,0,0,0,16242,0,0,0,34582,0,0,0,10076,0,0,0,18392,0,0,0,21620,0,0,0,113646,0,0,0,6136,0,0,2,30616,0,0
2,113819773,rs746941547,G,T,"gnomAD Exomes,gnomAD Genomes",PASS,PASS,p.Gly63Val,p.Gly63Val,c.188G>T,missense_variant,,,6,282668,0.000021226314970212404,0,0,1,24942,0,0,0,35432,0,0,0,10362,0,0,0,19954,0,0,0,25110,0,0,5,129032,0,0,0,7220,0,0,0,30616,0,0
2,113819775,rs1479671525,G,A,gnomAD Genomes,NA,PASS,p.Gly64Arg,p.Gly64Arg,c.190G>A,missense_variant,,,1,31348,0.00003189996172004593,0,0,1,8698,0,0,0,848,0,0,0,290,0,0,0,1560,0,0,0,3472,0,0,0,15394,0,0,0,1086,0,0,0,0,0,0
2,113819779,rs781328070,G,A,gnomAD Exomes,PASS,NA,p.Ser65Asn,p.Ser65Asn,c.194G>A,missense_variant,,,19,251334,0.00007559661645459826,0,0,0,16244,0,0,0,34582,0,0,0,10070,0,0,15,18394,0,0,0,21636,0,0,0,113658,0,0,0,6134,0,0,4,30616,0,0
2,113819785,rs1265230096,G,T,gnomAD Exomes,PASS,NA,p.Cys67Phe,p.Cys67Phe,c.200G>T,missense_variant,Uncertain significance,,2,251360,0.00000795671546785487,0,0,0,16246,0,0,2,34582,0,0,0,10070,0,0,0,18394,0,0,0,21640,0,0,0,113678,0,0,0,6134,0,0,0,30616,0,0
2,113819793,rs375718709,T,C,gnomAD Exomes,PASS,NA,p.Cys70Arg,p.Cys70Arg,c.208T>C,missense_variant,,,1,251370,0.000003978199466921272,0,0,1,16250,0,0,0,34582,0,0,0,10070,0,0,0,18394,0,0,0,21638,0,0,0,113686,0,0,0,6134,0,0,0,30616,0,0
2,113819802,rs763298401,G,A,gnomAD Exomes,PASS,NA,p.Gly73Arg,p.Gly73Arg,c.217G>A,missense_variant,,,1,251362,0.000003978326079518781,0,0,0,16256,0,0,0,34578,0,0,0,10072,0,0,0,18394,0,0,0,21624,0,0,1,113690,0,0,0,6132,0,0,0,30616,0,0
2,113819812,rs139497891,C,T,"gnomAD Exomes,gnomAD Genomes",PASS,PASS,p.Pro76Leu,p.Pro76Leu,c.227C>T,missense_variant,Conflicting interpretations of pathogenicity,,75,282608,0.0002653852686406613,0,0,1,24952,0,0,1,35428,0,0,0,10360,0,0,18,19944,0,0,0,25068,0,0,31,129028,0,0,2,7216,0,0,22,30612,0,0
2,113819814,rs887150289,A,G,"gnomAD Exomes,gnomAD Genomes",PASS,PASS,p.Thr77Ala,p.Thr77Ala,c.229A>G,missense_variant,,,2,282560,0.0000070781426953567385,0,0,2,24928,0,0,0,35422,0,0,0,10354,0,0,0,19946,0,0,0,25076,0,0,0,129008,0,0,0,7212,0,0,0,30614,0,0
2,113819815,rs372880215,C,G,gnomAD Exomes,PASS,NA,p.Thr77Ser,p.Thr77Ser,c.230C>G,missense_variant,,,1,251286,0.000003979529301274246,0,0,0,16256,0,0,0,34574,0,0,0,10064,0,0,0,18392,0,0,0,21602,0,0,1,113652,0,0,0,6130,0,0,0,30616,0,0
2,113819815,rs372880215,C,T,"gnomAD Exomes,gnomAD Genomes",PASS,PASS,p.Thr77Ile,p.Thr77Ile,c.230C>T,missense_variant,Uncertain significance,,16,282620,0.000056613120090580995,0,0,0,24956,0,0,0,35422,0,0,0,10354,0,0,0,19944,0,0,1,25074,0,0,14,129042,0,0,1,7212,0,0,0,30616,0,0
2,113819815,rs372880215,C,A,gnomAD Exomes,PASS,NA,p.Thr77Asn,p.Thr77Asn,c.230C>A,missense_variant,,,1,251286,0.000003979529301274246,0,0,0,16256,0,0,0,34574,0,0,0,10064,0,0,0,18392,0,0,0,21602,0,0,1,113652,0,0,0,6130,0,0,0,30616,0,0
2,113820030,rs767374989,C,A,"gnomAD Exomes,gnomAD Genomes",PASS,PASS,p.Pro82Thr,p.Pro82Thr,c.244C>A,missense_variant,,,5,281296,0.00001777487059894204,0,0,1,24950,0,0,4,35422,0,0,0,10366,0,0,0,19952,0,0,0,25048,0,0,0,127732,0,0,0,7216,0,0,0,30610,0,0
2,113820031,rs144182857,C,T,"gnomAD Exomes,gnomAD Genomes",PASS,PASS,p.Pro82Leu,p.Pro82Leu,c.245C>T,missense_variant,Benign/Likely benign,,76,281318,0.00027015690428625256,0,0,0,24946,0,0,0,35424,0,0,0,10368,0,0,70,19954,0,0,0,25066,0,0,0,127728,0,0,4,7220,0,0,2,30612,0,0
2,113820034,rs886054767,T,A,gnomAD Exomes,PASS,NA,p.Val83Glu,p.Val83Glu,c.248T>A,missense_variant,Uncertain significance,,2,250036,0.000007998848165864115,0,0,0,16250,0,0,1,34578,0,0,0,10078,0,0,0,18394,0,0,0,21602,0,0,1,112388,0,0,0,6134,0,0,0,30612,0,0
2,113820037,rs756170880,A,G,gnomAD Exomes,PASS,NA,p.Asn84Ser,p.Asn84Ser,c.251A>G,missense_variant,,,5,250156,0.00001998752778266362,0,0,0,16254,0,0,0,34582,0,0,0,10078,0,0,0,18394,0,0,0,21608,0,0,5,112492,0,0,0,6132,0,0,0,30616,0,0
2,113820042,rs1047310672,A,T,gnomAD Exomes,PASS,NA,p.Met86Leu,p.Met86Leu,c.256A>T,missense_variant,,,1,250234,0.000003996259501106964,0,0,0,16250,0,0,0,34582,0,0,0,10078,0,0,0,18394,0,0,0,21622,0,0,1,112560,0,0,0,6132,0,0,0,30616,0,0
2,113820044,rs537559199,G,A,gnomAD Exomes,PASS,NA,p.Met86Ile,p.Met86Ile,c.258G>A,missense_variant,,,1,250250,0.000003996003996003996,0,0,0,16252,0,0,0,34584,0,0,0,10078,0,0,1,18394,0,0,0,21618,0,0,0,112572,0,0,0,6136,0,0,0,30616,0,0
2,113820047,rs201346453,G,C,gnomAD Exomes,PASS,NA,p.Glu87Asp,p.Glu87Asp,c.261G>C,missense_variant,,,1,250262,0.000003995812388616729,0,0,0,16252,0,0,0,34584,0,0,0,10078,0,0,0,18394,0,0,0,21622,0,0,0,112580,0,0,0,6136,0,0,1,30616,0,0
2,113820048,rs369259981,C,T,gnomAD Exomes,PASS,NA,p.Leu88Phe,p.Leu88Phe,c.262C>T,missense_variant,,,2,250298,0.000007990475353378772,0,0,2,16254,0,0,0,34584,0,0,0,10078,0,0,0,18394,0,0,0,21628,0,0,0,112610,0,0,0,6134,0,0,0,30616,0,0
2,113820051,rs778949379,T,A,gnomAD Exomes,PASS,NA,p.Tyr89Asn,p.Tyr89Asn,c.265T>A,missense_variant,,,1,250448,0.0000039928448220788345,0,0,0,16254,0,0,0,34586,0,0,0,10078,0,0,1,18394,0,0,0,21626,0,0,0,112758,0,0,0,6136,0,0,0,30616,0,0
2,113820051,rs778949379,T,C,gnomAD Exomes,PASS,NA,p.Tyr89His,p.Tyr89His,c.265T>C,missense_variant,,,1,250448,0.0000039928448220788345,0,0,0,16254,0,0,0,34586,0,0,0,10078,0,0,1,18394,0,0,0,21626,0,0,0,112758,0,0,0,6136,0,0,0,30616,0,0
2,113820052,rs1213179423,A,G,gnomAD Genomes,NA,PASS,p.Tyr89Cys,p.Tyr89Cys,c.266A>G,missense_variant,,,1,31350,0.00003189792663476874,0,0,0,8692,0,0,0,848,0,0,0,290,0,0,1,1556,0,0,0,3476,0,0,0,15400,0,0,0,1088,0,0,0,0,0,0
2,113820058,rs1426580149,G,A,gnomAD Exomes,PASS,NA,p.Gly91Asp,p.Gly91Asp,c.272G>A,missense_variant,,,1,250556,0.00000399112374080046,0,0,0,16254,0,0,0,34588,0,0,0,10078,0,0,0,18394,0,0,0,21628,0,0,1,112864,0,0,0,6134,0,0,0,30616,0,0
2,113820063,rs746109701,A,G,"gnomAD Exomes,gnomAD Genomes",PASS,PASS,p.Lys93Glu,p.Lys93Glu,c.277A>G,missense_variant,,,2,282088,0.000007089986103627237,0,0,0,24958,0,0,0,35436,0,0,0,10368,0,0,2,19952,0,0,0,25100,0,0,0,128436,0,0,0,7222,0,0,0,30616,0,0
2,113820066,rs772287603,G,A,gnomAD Exomes,PASS,NA,p.Glu94Lys,p.Glu94Lys,c.280G>A,missense_variant,,,1,250776,0.000003987622420008294,0,0,0,16256,0,0,0,34592,0,0,0,10078,0,0,0,18394,0,0,0,21624,0,0,1,113080,0,0,0,6136,0,0,0,30616,0,0
2,113820082,rs775948326,C,G,gnomAD Exomes,PASS,NA,p.Thr99Ser,p.Thr99Ser,c.296C>G,missense_variant,,,1,251070,0.000003982952961325526,0,0,0,16254,0,0,0,34592,0,0,0,10078,0,0,0,18394,0,0,0,21628,0,0,1,113368,0,0,0,6140,0,0,0,30616,0,0
2,113820087,rs147410197,T,C,gnomAD Exomes,PASS,NA,p.Tyr101His,p.Tyr101His,c.301T>C,missense_variant,,,1,251044,0.000003983365465814758,0,0,1,16250,0,0,0,34592,0,0,0,10078,0,0,0,18392,0,0,0,21628,0,0,0,113350,0,0,0,6138,0,0,0,30616,0,0
2,113820088,rs769214649,A,T,"gnomAD Exomes,gnomAD Genomes",PASS,PASS,p.Tyr101Phe,p.Tyr101Phe,c.302A>T,missense_variant,,,5,282376,0.00001770688727087288,0,0,5,24944,0,0,0,35438,0,0,0,10368,0,0,0,19950,0,0,0,25100,0,0,0,128732,0,0,0,7228,0,0,0,30616,0,0
2,113820090,rs199932303,C,T,"gnomAD Exomes,gnomAD Genomes",PASS,PASS,p.Arg102Trp,p.Arg102Trp,c.304C>T,missense_variant,Uncertain significance,,6,282428,0.000021244352542948998,0,0,0,24958,0,0,1,35438,0,0,0,10368,0,0,4,19952,0,0,0,25084,0,0,1,128790,0,0,0,7224,0,0,0,30614,0,0
2,113820091,rs371819085,G,A,gnomAD Exomes,PASS,NA,p.Arg102Gln,p.Arg102Gln,c.305G>A,missense_variant,,,1,251056,0.000003983175068510611,0,0,0,16248,0,0,0,34590,0,0,0,10078,0,0,0,18392,0,0,0,21614,0,0,1,113378,0,0,0,6140,0,0,0,30616,0,0
2,113820093,rs375207169,C,T,"gnomAD Exomes,gnomAD Genomes",PASS,PASS,p.Arg103Trp,p.Arg103Trp,c.307C>T,missense_variant,Uncertain significance,,13,282398,0.00004603432035637646,0,0,4,24954,0,0,0,35438,0,0,0,10366,0,0,0,19952,0,0,0,25068,0,0,9,128778,0,0,0,7226,0,0,0,30616,0,0
2,113820094,rs542606182,G,A,"gnomAD Exomes,gnomAD Genomes",PASS,PASS,p.Arg103Gln,p.Arg103Gln,c.308G>A,missense_variant,,,13,282424,0.00004603008242925531,0,0,0,24950,0,0,3,35436,0,0,0,10366,0,0,0,19952,0,0,2,25080,0,0,8,128804,0,0,0,7220,0,0,0,30616,0,0
2,113820096,rs999138196,G,A,gnomAD Exomes,PASS,NA,p.Asp104Asn,p.Asp104Asn,c.310G>A,missense_variant,,,1,251102,0.000003982445380761603,0,0,1,16250,0,0,0,34590,0,0,0,10078,0,0,0,18392,0,0,0,21620,0,0,0,113420,0,0,0,6136,0,0,0,30616,0,0
2,113820099,rs1257617143,A,G,gnomAD Exomes,PASS,NA,p.Met105Val,p.Met105Val,c.313A>G,missense_variant,,,6,251124,0.000023892578964973478,0,0,0,16248,0,0,6,34590,0,0,0,10078,0,0,0,18392,0,0,0,21616,0,0,0,113450,0,0,0,6134,0,0,0,30616,0,0
2,113820103,rs144420774,G,C,gnomAD Exomes,PASS,NA,p.Gly106Ala,p.Gly106Ala,c.317G>C,missense_variant,,,2,251170,0.000007962734402993987,0,0,0,16252,0,0,0,34590,0,0,0,10078,0,0,0,18392,0,0,0,21618,0,0,1,113488,0,0,1,6136,0,0,0,30616,0,0
2,113820105,rs764184851,C,T,gnomAD Exomes,PASS,NA,p.Leu107Phe,p.Leu107Phe,c.319C>T,missense_variant,,,2,251052,0.000007966477064512531,0,0,0,16250,0,0,2,34590,0,0,0,10076,0,0,0,18392,0,0,0,21606,0,0,0,113386,0,0,0,6136,0,0,0,30616,0,0
2,113820106,rs1248223261,T,C,gnomAD Exomes,PASS,NA,p.Leu107Pro,p.Leu107Pro,c.320T>C,missense_variant,,,1,251096,0.00000398254054226272,0,0,0,16252,0,0,0,34590,0,0,0,10074,0,0,0,18392,0,0,0,21610,0,0,1,113426,0,0,0,6136,0,0,0,30616,0,0
2,113820115,rs957549310,G,A,gnomAD Exomes,PASS,NA,p.Ser110Asn,p.Ser110Asn,c.329G>A,missense_variant,,,2,251202,0.000007961720049999601,0,0,0,16254,0,0,0,34590,0,0,0,10074,0,0,0,18392,0,0,0,21580,0,0,2,113556,0,0,0,6140,0,0,0,30616,0,0
2,113820119,rs199824136,C,G,gnomAD Exomes,PASS,NA,p.Phe111Leu,p.Phe111Leu,c.333C>G,missense_variant,,,1,251224,0.0000039805114161067416,0,0,0,16250,0,0,0,34590,0,0,0,10074,0,0,0,18392,0,0,0,21580,0,0,1,113588,0,0,0,6134,0,0,0,30616,0,0
2,113820120,rs143724424,G,A,"gnomAD Exomes,gnomAD Genomes",PASS,PASS,p.Glu112Lys,p.Glu112Lys,c.334G>A,missense_variant,,,6,282532,0.000021236532498973567,0,0,3,24948,0,0,0,35436,0,0,0,10364,0,0,1,19950,0,0,0,25020,0,0,2,128980,0,0,0,7218,0,0,0,30616,0,0
2,113820124,rs144478519,C,T,"gnomAD Exomes,gnomAD Genomes",PASS,PASS,p.Ser113Leu,p.Ser113Leu,c.338C>T,missense_variant,Conflicting interpretations of pathogenicity,,815,282572,0.0028842206588055434,1,0,16,24954,0,0,29,35436,0,0,2,10368,0,0,0,19952,0,0,166,25018,0,0,573,129008,1,0,15,7220,0,0,14,30616,0,0
2,113820135,rs780273771,C,G,gnomAD Exomes,PASS,NA,p.Pro117Ala,p.Pro117Ala,c.349C>G,missense_variant,,,9,251230,0.000035823747163953346,0,0,0,16248,0,0,8,34586,0,0,0,10074,0,0,0,18394,0,0,0,21528,0,0,1,113646,0,0,0,6138,0,0,0,30616,0,0
2,113820136,rs141341649,C,T,"gnomAD Exomes,gnomAD Genomes",PASS,PASS,p.Pro117Leu,p.Pro117Leu,c.350C>T,missense_variant,Uncertain significance,,60,282582,0.00021232774911353165,0,0,36,24958,0,0,16,35436,0,0,0,10368,0,0,1,19954,0,0,4,24992,0,0,2,129034,0,0,0,7224,0,0,1,30616,0,0
2,113820154,rs397514629,C,T,"gnomAD Exomes,gnomAD Genomes",PASS,PASS,p.Thr123Met,p.Thr123Met,c.368C>T,missense_variant,Uncertain significance,,11,282506,0.00003893722611201178,0,0,1,24948,0,0,0,35438,0,0,0,10364,0,0,3,19944,0,0,1,24886,0,0,3,129086,0,0,1,7224,0,0,2,30616,0,0
2,113820156,rs1269646424,G,A,gnomAD Exomes,PASS,NA,p.Val124Met,p.Val124Met,c.370G>A,missense_variant,,,1,251174,0.000003981303797367562,0,0,0,16244,0,0,0,34590,0,0,0,10076,0,0,0,18390,0,0,0,21464,0,0,0,113656,0,0,0,6138,0,0,1,30616,0,0
2,113820168,rs763990369,G,A,gnomAD Exomes,PASS,NA,p.Asp128Asn,p.Asp128Asn,c.382G>A,missense_variant,,,3,251078,0.000011948478162164746,0,0,1,16252,0,0,0,34590,0,0,0,10076,0,0,1,18390,0,0,0,21322,0,0,1,113696,0,0,0,6136,0,0,0,30616,0,0
2,113820168,rs763990369,G,T,gnomAD Exomes,PASS,NA,p.Asp128Tyr,p.Asp128Tyr,c.382G>T,missense_variant,,,1,251078,0.000003982826054054915,0,0,0,16252,0,0,0,34590,0,0,0,10076,0,0,1,18390,0,0,0,21322,0,0,0,113696,0,0,0,6136,0,0,0,30616,0,0
2,113820171,rs1221704110,C,A,gnomAD Exomes,PASS,NA,p.Gln129Lys,p.Gln129Lys,c.385C>A,missense_variant,,,1,251114,0.0000039822550714018334,0,0,1,16254,0,0,0,34592,0,0,0,10076,0,0,0,18390,0,0,0,21352,0,0,0,113698,0,0,0,6136,0,0,0,30616,0,0
2,113820172,rs377330697,A,G,gnomAD Exomes,PASS,NA,p.Gln129Arg,p.Gln129Arg,c.386A>G,missense_variant,Uncertain significance,,24,251174,0.00009555129113682149,0,0,0,16254,0,0,0,34588,0,0,0,10076,0,0,20,18390,0,0,0,21402,0,0,0,113708,0,0,1,6140,0,0,3,30616,0,0
2,113820187,rs758638751,C,A,gnomAD Genomes,NA,PASS,p.Thr134Asn,p.Thr134Asn,c.401C>A,missense_variant,,,1,31388,0.00003185930929017459,0,0,1,8706,0,0,0,848,0,0,0,290,0,0,0,1560,0,0,0,3474,0,0,0,15422,0,0,0,1088,0,0,0,0,0,0
2,113820198,rs750580815,G,A,gnomAD Exomes,PASS,NA,p.Glu138Lys,p.Glu138Lys,c.412G>A,missense_variant,,,4,250774,0.000015950616890108225,0,0,0,16248,0,0,0,34586,0,0,0,10074,0,0,0,18390,0,0,0,21068,0,0,3,113668,0,0,0,6126,0,0,1,30614,0,0
2,113820202,rs948564007,A,G,gnomAD Exomes,PASS,NA,p.Asn139Ser,p.Asn139Ser,c.416A>G,missense_variant,,,2,250808,0.000007974227297374885,0,0,0,16250,0,0,2,34590,0,0,0,10076,0,0,0,18390,0,0,0,21086,0,0,0,113672,0,0,0,6128,0,0,0,30616,0,0
2,113820204,rs1415006327,G,A,gnomAD Exomes,PASS,NA,p.Gly140Ser,p.Gly140Ser,c.418G>A,missense_variant,,,2,250700,0.000007977662544874351,0,0,0,16252,0,0,0,34590,0,0,0,10076,0,0,0,18390,0,0,0,21000,0,0,1,113648,0,0,1,6128,0,0,0,30616,0,0
2,113820204,rs1415006327,G,T,gnomAD Exomes,PASS,NA,p.Gly140Cys,p.Gly140Cys,c.418G>T,missense_variant,,,1,250700,0.0000039888312724371755,0,0,0,16252,0,0,0,34590,0,0,0,10076,0,0,0,18390,0,0,0,21000,0,0,1,113648,0,0,0,6128,0,0,0,30616,0,0
2,113820207,rs1424377493,G,A,gnomAD Exomes,PASS,NA,p.Gly141Ser,p.Gly141Ser,c.421G>A,missense_variant,Uncertain significance,,1,250628,0.000003989977177330546,0,0,0,16252,0,0,0,34588,0,0,0,10076,0,0,0,18392,0,0,0,20922,0,0,1,113656,0,0,0,6126,0,0,0,30616,0,0
2,113820208,rs758533837,G,A,gnomAD Exomes,PASS,NA,p.Gly141Asp,p.Gly141Asp,c.422G>A,missense_variant,,,1,250564,0.000003990996312319407,0,0,0,16246,0,0,0,34588,0,0,0,10076,0,0,0,18392,0,0,1,20872,0,0,0,113650,0,0,0,6126,0,0,0,30614,0,0
2,113820216,rs780261792,G,A,gnomAD Exomes,PASS,NA,p.Ala144Thr,p.Ala144Thr,c.430G>A,missense_variant,,,4,250326,0.000015979163171224722,0,0,0,16248,0,0,0,34584,0,0,0,10070,0,0,0,18390,0,0,0,20656,0,0,4,113638,0,0,0,6126,0,0,0,30614,0,0
2,113820220,rs1420824876,C,T,gnomAD Exomes,PASS,NA,p.Pro145Leu,p.Pro145Leu,c.434C>T,missense_variant,,,1,250188,0.000003996994260316242,0,0,0,16236,0,0,0,34578,0,0,0,10070,0,0,1,18388,0,0,0,20562,0,0,0,113616,0,0,0,6124,0,0,0,30614,0,0
2,113820222,rs202059991,A,G,gnomAD Exomes,PASS,NA,p.Ile146Val,p.Ile146Val,c.436A>G,missense_variant,Conflicting interpretations of pathogenicity,,37,250222,0.00014786869260097034,0,0,0,16238,0,0,1,34576,0,0,26,10074,0,0,0,18388,0,0,0,20578,0,0,10,113630,0,0,0,6124,0,0,0,30614,0,0
2,113820228,rs755295515,G,C,gnomAD Exomes,PASS,NA,p.Asp148His,p.Asp148His,c.442G>C,missense_variant,,,1,249902,0.00000400156861489704,0,0,0,16240,0,0,0,34570,0,0,0,10070,0,0,0,18384,0,0,0,20322,0,0,1,113578,0,0,0,6124,0,0,0,30614,0,0
2,113820234,rs1382272723,T,A,gnomAD Exomes,PASS,NA,p.Tyr150Asn,p.Tyr150Asn,c.448T>A,missense_variant,,,1,249536,0.000004007437804565273,0,0,0,16228,0,0,0,34566,0,0,0,10066,0,0,1,18384,0,0,0,20040,0,0,0,113520,0,0,0,6118,0,0,0,30614,0,0
2,113820235,rs770371053,A,G,gnomAD Exomes,PASS,NA,p.Tyr150Cys,p.Tyr150Cys,c.449A>G,missense_variant,,,1,249418,0.0000040093337289209275,0,0,0,16216,0,0,0,34564,0,0,0,10066,0,0,0,18378,0,0,0,19960,0,0,0,113502,0,0,0,6118,0,0,1,30614,0,0
2,113820235,rs770371053,A,C,"gnomAD Exomes,gnomAD Genomes",PASS,PASS,p.Tyr150Ser,p.Tyr150Ser,c.449A>C,missense_variant,,,7,280778,0.000024930728190955133,0,0,0,24912,0,0,0,35412,0,0,0,10356,0,0,0,19932,0,0,1,23436,0,0,5,128912,0,0,1,7204,0,0,0,30614,0,0
2,113820235,rs770371053,A,T,gnomAD Exomes,PASS,NA,p.Tyr150Phe,p.Tyr150Phe,c.449A>T,missense_variant,,,1,249418,0.0000040093337289209275,0,0,0,16216,0,0,0,34564,0,0,0,10066,0,0,1,18378,0,0,0,19960,0,0,0,113502,0,0,0,6118,0,0,0,30614,0,0
2,113820237,rs545202535,T,A,gnomAD Exomes,PASS,NA,p.Phe151Ile,p.Phe151Ile,c.451T>A,missense_variant,,,27,249276,0.00010831367640687431,0,0,0,16212,0,0,0,34564,0,0,0,10066,0,0,0,18382,0,0,0,19842,0,0,0,113486,0,0,3,6114,0,0,24,30610,0,0
2,113820244,rs771496493,A,G,"gnomAD Exomes,gnomAD Genomes",PASS,PASS,p.Gln153Arg,p.Gln153Arg,c.458A>G,missense_variant,,,7,279942,0.000025005179644354902,0,0,1,24892,0,0,0,35392,0,0,0,10352,0,0,0,19936,0,0,0,22766,0,0,5,128808,0,0,1,7194,0,0,0,30602,0,0
2,113820247,rs374900764,G,A,gnomAD Exomes,PASS,NA,p.Cys154Tyr,p.Cys154Tyr,c.461G>A,missense_variant,,,1,248176,0.000004029398491393205,0,0,0,16182,0,0,0,34542,0,0,0,10058,0,0,0,18370,0,0,0,19056,0,0,1,113290,0,0,0,6098,0,0,0,30580,0,0
2,113820249,rs1211837152,G,A,gnomAD Exomes,PASS,NA,p.Asp155Asn,p.Asp155Asn,c.463G>A,missense_variant,,,1,247874,0.0000040343077531326396,0,0,0,16168,0,0,0,34534,0,0,0,10058,0,0,0,18362,0,0,1,18828,0,0,0,113236,0,0,0,6100,0,0,0,30588,0,0
