"","ResidNe","Chain","ResidNr","iCode","Phob.A.2","Phil.A.2","SASA.A.2","Q.SASA.","N.overl.","Surf.A.2"
"1","SER","A",4,"-",64.01,89.7,153.71,1.0586,178,145.2
"2","GLY","A",5,"-",45.55,33.54,79.09,0.6526,126,121.2
"3","ALA","A",6,"-",36.38,20.8,57.18,0.3963,270,144.3
"4","LEU","A",7,"-",39.85,5.2,45.05,0.2868,564,157.1
"5","CYS","A",8,"-",23.32,3.77,27.09,0.187,469,144.9
"6","PHE","A",9,"-",15.29,3.11,18.41,0.1075,1119,171.3
"7","ARG","A",10,"-",29.88,65.37,95.25,0.3465,799,274.9
"8","MET","A",11,"-",18.78,10.02,28.81,0.126,737,228.7
"9","LYS","A",12,"-",23.91,23.2,47.11,0.2051,841,229.7
"10","ASP","A",13,"-",3.7,8.87,12.57,0.0845,832,148.7
"11","SER","A",14,"-",21.03,26.73,47.77,0.329,409,145.2
"12","ALA","A",15,"-",30.03,11.35,41.38,0.2868,293,144.3
"13","LEU","A",16,"-",26.4,6.44,32.83,0.209,553,157.1
"14","LYS","A",17,"-",24.01,20.05,44.06,0.1918,681,229.7
"15","VAL","A",18,"-",25.85,2.38,28.23,0.1846,606,152.9
"16","LEU","A",19,"-",18.1,4.94,23.04,0.1467,689,157.1
"17","TYR","A",20,"-",20.96,8.7,29.66,0.1443,1110,205.5
"18","LEU","A",21,"-",26.09,14.43,40.53,0.258,627,157.1
"19","HIS","A",22,"-",35.75,23.53,59.29,0.325,678,182.4
"20","ASN","A",23,"-",29.33,88.66,117.98,0.7607,340,155.1
"21","ASN","A",24,"-",32.04,90.56,122.59,0.7904,343,155.1
"22","GLN","A",25,"-",33.43,70.09,103.52,0.4977,433,208
"23","LEU","A",26,"-",30.55,5.21,35.76,0.2276,572,157.1
"24","LEU","A",27,"-",15.23,2.17,17.39,0.1107,652,157.1
"25","ALA","A",28,"-",12.86,5.55,18.41,0.1276,427,144.3
"26","GLY","A",29,"-",8.12,5.82,13.94,0.115,274,121.2
"27","GLY","A",30,"-",15.5,14.55,30.05,0.248,285,121.2
"28","LEU","A",31,"-",35.12,5.61,40.73,0.2592,534,157.1
"29","HIS","A",32,"-",39.29,27.48,66.77,0.3661,621,182.4
"30","ALA","A",33,"-",19.37,14.11,33.48,0.232,394,144.3
"31","GLY","A",34,"-",21.09,22.15,43.24,0.3568,239,121.2
"32","LYS","A",35,"-",104.51,64.92,169.43,0.7376,346,229.7
"33","VAL","A",36,"-",105.71,13.26,118.97,0.7781,287,152.9
"34","ILE","A",37,"-",44.73,13.81,58.54,0.3432,379,170.6
"35","LYS","A",38,"-",118.5,71.31,189.81,0.8263,280,229.7
"36","GLY","A",39,"-",15.09,21.22,36.31,0.2996,186,121.2
"37","GLU","A",40,"-",13.53,21.45,34.97,0.1737,560,201.4
"38","GLU","A",41,"-",24.58,51.73,76.32,0.3789,527,201.4
"39","ILE","A",42,"-",19.12,2.29,21.41,0.1255,587,170.6
"40","SER","A",43,"-",13.91,14.77,28.68,0.1975,460,145.2
"41","VAL","A",44,"-",12.24,4.78,17.02,0.1113,600,152.9
"42","VAL","A",45,"-",38.54,3.02,41.56,0.2718,541,152.9
"43","PRO","A",46,"-",40.62,10.26,50.88,0.3076,504,165.4
"44","ASN","A",47,"-",5.85,18.73,24.58,0.1585,704,155.1
"45","ARG","A",48,"-",30.84,106.84,137.68,0.5009,584,274.9
"46","TRP","A",49,"-",92.24,23.07,115.31,0.588,743,196.1
"47","LEU","A",50,"-",33.9,7.96,41.86,0.2664,499,157.1
"48","ASP","A",51,"-",50.85,92.54,143.39,0.9643,320,148.7
"49","ALA","A",52,"-",72.56,19.86,92.42,0.6404,229,144.3
"50","SER","A",53,"-",42.48,50.75,93.24,0.6421,225,145.2
"51","LEU","A",54,"-",66.74,4.32,71.06,0.4524,479,157.1
"52","SER","A",55,"-",23.53,27.96,51.49,0.3546,377,145.2
"53","PRO","A",56,"-",15.31,4.62,19.93,0.1205,552,165.4
"54","VAL","A",57,"-",9.47,2.33,11.8,0.0772,676,152.9
"55","ILE","A",58,"-",16.78,2.98,19.76,0.1159,691,170.6
"56","LEU","A",59,"-",19.84,5.89,25.73,0.1638,607,157.1
"57","GLY","A",60,"-",9.68,6.97,16.66,0.1374,306,121.2
"58","VAL","A",61,"-",17.96,2.77,20.73,0.1356,582,152.9
"59","GLN","A",62,"-",23.81,59.06,82.87,0.3984,470,208
"60","GLY","A",63,"-",31.04,26.66,57.7,0.4761,176,121.2
"61","GLY","A",64,"-",11.45,6.61,18.06,0.149,298,121.2
"62","SER","A",65,"-",25.5,15.76,41.27,0.2842,392,145.2
"63","GLN","A",66,"-",10.45,35.52,45.96,0.221,658,208
"64","CYS","A",67,"-",9.3,2.94,12.25,0.0845,579,144.9
"65","LEU","A",68,"-",30.44,4.07,34.51,0.2197,651,157.1
"66","SER","A",69,"-",7.08,7.85,14.93,0.1028,575,145.2
"67","CYS","A",70,"-",13.86,4.82,18.67,0.1289,572,144.9
"68","GLY","A",71,"-",20.73,12.88,33.61,0.2773,269,121.2
"69","VAL","A",72,"-",138.63,25.26,163.89,1.0719,212,152.9
"70","GLY","A",73,"-",30.46,14.85,45.31,0.3739,207,121.2
"71","GLN","A",74,"-",77.79,96,173.79,0.8355,310,208
"72","GLU","A",75,"-",50.56,91.17,141.73,0.7037,415,201.4
"73","PRO","A",76,"-",14.72,10.88,25.6,0.1548,540,165.4
"74","THR","A",77,"-",66.12,31.37,97.49,0.6389,329,152.6
"75","LEU","A",78,"-",21.59,17.56,39.15,0.2492,533,157.1
"76","THR","A",79,"-",45.97,12.43,58.4,0.3827,372,152.6
"77","LEU","A",80,"-",25.11,13.35,38.46,0.2448,448,157.1
"78","GLU","A",81,"-",16.63,39.38,56.01,0.2781,525,201.4
"79","PRO","A",82,"-",97.64,22.29,119.94,0.7251,267,165.4
"80","VAL","A",83,"-",27.54,4.21,31.76,0.2077,483,152.9
"81","ASN","A",84,"-",10.63,39.8,50.44,0.3252,526,155.1
"82","ILE","A",85,"-",29.85,2.74,32.58,0.191,541,170.6
"83","MET","A",86,"-",92.38,4.12,96.5,0.422,466,228.7
"84","GLU","A",87,"-",35.12,67.36,102.48,0.5088,550,201.4
"85","LEU","A",88,"-",12.03,4.23,16.27,0.1036,675,157.1
"86","TYR","A",89,"-",76.79,36.41,113.2,0.5509,580,205.5
"87","LEU","A",90,"-",73.35,17.23,90.58,0.5766,344,157.1
"88","GLY","A",91,"-",15.03,25.35,40.38,0.3331,188,121.2
"89","ALA","A",92,"-",43,27.89,70.89,0.4913,192,144.3
"90","LYS","A",93,"-",65.28,60.42,125.7,0.5472,401,229.7
"91","GLU","A",94,"-",66.14,89.7,155.83,0.7738,371,201.4
"92","SER","A",95,"-",11.63,13.6,25.23,0.1738,429,145.2
"93","LYS","A",96,"-",73.19,50.4,123.59,0.5381,501,229.7
"94","SER","A",97,"-",14.32,11.81,26.13,0.18,422,145.2
"95","PHE","A",98,"-",19.15,3.2,22.35,0.1305,744,171.3
"96","THR","A",99,"-",8.07,5.85,13.92,0.0912,556,152.6
"97","PHE","A",100,"-",15.54,2.42,17.96,0.1048,1025,171.3
"98","TYR","A",101,"-",33.28,27.04,60.33,0.2936,875,205.5
"99","ARG","A",102,"-",13.64,41.03,54.68,0.1989,798,274.9
"100","ARG","A",103,"-",44.84,89.55,134.39,0.4889,578,274.9
"101","ASP","A",104,"-",36.84,69.68,106.53,0.7164,407,148.7
"102","MET","A",105,"-",125.42,13.95,139.38,0.6094,409,228.7
"103","GLY","A",106,"-",36.47,26.2,62.67,0.5171,167,121.2
"104","LEU","A",107,"-",97.65,11.25,108.9,0.6932,400,157.1
"105","THR","A",108,"-",13.63,11.99,25.62,0.1679,515,152.6
"106","SER","A",109,"-",7.02,5.16,12.18,0.0839,530,145.2
"107","SER","A",110,"-",11.53,11.07,22.6,0.1556,479,145.2
"108","PHE","A",111,"-",12.78,3.25,16.03,0.0936,933,171.3
"109","GLU","A",112,"-",7.72,22.21,29.92,0.1486,709,201.4
"110","SER","A",113,"-",6.95,6.79,13.73,0.0946,532,145.2
"111","ALA","A",114,"-",12.49,10.88,23.37,0.1619,308,144.3
"112","ALA","A",115,"-",15.39,11.61,27.01,0.1872,287,144.3
"113","TYR","A",116,"-",21.55,8.5,30.05,0.1462,741,205.5
"114","PRO","A",117,"-",83.23,12.27,95.5,0.5774,315,165.4
"115","GLY","A",118,"-",18.28,8.63,26.91,0.222,264,121.2
"116","TRP","A",119,"-",34.13,6.18,40.3,0.2055,1071,196.1
"117","PHE","A",120,"-",36.29,2.72,39.01,0.2277,808,171.3
"118","LEU","A",121,"-",16.55,3.53,20.08,0.1278,666,157.1
"119","CYS","A",122,"-",7.84,3.16,11,0.0759,597,144.9
"120","THR","A",123,"-",14.97,8.48,23.45,0.1537,578,152.6
"121","VAL","A",124,"-",35.09,8.67,43.76,0.2862,518,152.9
"122","PRO","A",125,"-",48.74,13.53,62.27,0.3765,391,165.4
"123","GLU","A",126,"-",28.97,35.5,64.47,0.3201,459,201.4
"124","ALA","A",127,"-",40.26,9.89,50.15,0.3476,256,144.3
"125","ASP","A",128,"-",15.66,33.35,49.01,0.3296,417,148.7
"126","GLN","A",129,"-",9.43,17.63,27.07,0.1301,590,208
"127","PRO","A",130,"-",44.47,5.43,49.9,0.3017,443,165.4
"128","VAL","A",131,"-",16.68,8.18,24.86,0.1626,435,152.9
"129","ARG","A",132,"-",30.89,46.23,77.12,0.2805,543,274.9
"130","LEU","A",133,"-",14.01,11.18,25.19,0.1603,486,157.1
"131","THR","A",134,"-",16.94,11.35,28.3,0.1854,467,152.6
"132","GLN","A",135,"-",18.33,60.14,78.47,0.3772,394,208
"133","LEU","A",136,"-",69.86,7.64,77.5,0.4933,440,157.1
"134","PRO","A",137,"-",77.27,26.27,103.55,0.626,319,165.4
"135","GLU","A",138,"-",46.25,87.17,133.42,0.6625,347,201.4
"136","ASN","A",139,"-",53.27,117.18,170.45,1.099,259,155.1
"137","GLY","A",140,"-",32.44,19.76,52.2,0.4307,186,121.2
"138","GLY","A",141,"-",41.88,29.38,71.26,0.5879,175,121.2
"139","TRP","A",142,"-",177.23,31.53,208.76,1.0646,478,196.1
"140","ASN","A",143,"-",22.29,68.14,90.43,0.5831,306,155.1
"141","ALA","A",144,"-",51.35,13.79,65.14,0.4514,241,144.3
"142","PRO","A",145,"-",47.28,11.46,58.74,0.3551,365,165.4
"143","ILE","A",146,"-",21.43,2.87,24.3,0.1424,521,170.6
"144","THR","A",147,"-",18.74,21.31,40.05,0.2624,425,152.6
"145","ASP","A",148,"-",14.21,41.43,55.64,0.3742,437,148.7
"146","PHE","A",149,"-",11.7,2.58,14.29,0.0834,847,171.3
"147","TYR","A",150,"-",33.25,28.88,62.12,0.3023,749,205.5
"148","PHE","A",151,"-",32.09,23.92,56.01,0.327,620,171.3
"149","GLN","A",152,"-",29.39,69.32,98.71,0.4746,445,208
"150","GLN","A",153,"-",42.15,72.33,114.48,0.5504,367,208
"151","CYS","A",154,"-",34.5,73.68,108.19,0.7466,221,144.9
"152","ASP","B",20,"-",43.69,119.51,163.2,1.0975,269,148.7
"153","GLY","B",21,"-",49.29,32.39,81.68,0.6739,139,121.2
"154","CYS","B",22,"-",15.97,10.45,26.42,0.1823,441,144.9
"155","LYS","B",23,"-",82.5,64.66,147.16,0.6407,440,229.7
"156","ASP","B",24,"-",18.76,36.3,55.06,0.3703,483,148.7
"157","ILE","B",25,"-",71.78,2.73,74.51,0.4367,543,170.6
"158","PHE","B",26,"-",84.71,11.88,96.59,0.5639,560,171.3
"159","MET","B",27,"-",63.07,15.21,78.28,0.3423,514,228.7
"160","LYS","B",28,"-",94.25,59.2,153.45,0.6681,320,229.7
"161","ASN","B",29,"-",21,50.28,71.28,0.4596,377,155.1
"162","GLU","B",30,"-",21.28,42.43,63.71,0.3163,575,201.4
"163","ILE","B",31,"-",73.85,4.76,78.61,0.4608,505,170.6
"164","LEU","B",32,"-",16.04,10.17,26.21,0.1669,639,157.1
"165","SER","B",33,"-",23.19,17.24,40.43,0.2784,435,145.2
"166","ALA","B",34,"-",21.41,6.66,28.06,0.1945,427,144.3
"167","SER","B",35,"-",6.72,10.47,17.2,0.1184,562,145.2
"168","GLN","B",36,"-",45.99,77.4,123.38,0.5932,471,208
"169","PRO","B",37,"-",22.71,3.13,25.84,0.1562,637,165.4
"170","PHE","B",38,"-",14.36,6,20.35,0.1188,1120,171.3
"171","ALA","B",39,"-",17.15,3.13,20.28,0.1406,450,144.3
"172","PHE","B",40,"-",25.96,13.74,39.7,0.2318,963,171.3
"173","ASN","B",41,"-",12.35,29.73,42.08,0.2713,559,155.1
"174","CYS","B",42,"-",20.88,21.37,42.25,0.2916,405,144.9
"175","THR","B",43,"-",41.5,20.93,62.43,0.4091,406,152.6
"176","PHE","B",44,"-",64.36,9.67,74.03,0.4321,625,171.3
"177","PRO","B",45,"-",74.45,4.74,79.2,0.4788,385,165.4
"178","PRO","B",46,"-",55.4,25.67,81.07,0.4901,295,165.4
"179","ILE","B",47,"-",106.99,15.86,122.85,0.7201,343,170.6
"180","THR","B",48,"-",19.94,17.05,37,0.2425,382,152.6
"181","SER","B",49,"-",21.99,17.84,39.83,0.2743,363,145.2
"182","GLY","B",50,"-",32.74,29.76,62.5,0.5157,170,121.2
"183","GLU","B",51,"-",74.84,109.94,184.78,0.9175,284,201.4
"184","VAL","B",52,"-",11.78,9.51,21.29,0.1392,494,152.9
"185","SER","B",53,"-",52.68,33.65,86.33,0.5946,324,145.2
"186","VAL","B",54,"-",31.91,10.46,42.37,0.2771,525,152.9
"187","THR","B",55,"-",25.27,18.34,43.61,0.2858,550,152.6
"188","TRP","B",56,"-",19.44,4.34,23.78,0.1213,1398,196.1
"189","TYR","B",57,"-",17.84,29.33,47.17,0.2295,1132,205.5
"190","LYS","B",58,"-",51.61,45,96.61,0.4206,693,229.7
"191","ASN","B",59,"-",38.97,87.94,126.91,0.8183,384,155.1
"192","SER","B",60,"-",38.05,26.71,64.76,0.446,322,145.2
"193","SER","B",61,"-",24.92,30.75,55.67,0.3834,349,145.2
"194","LYS","B",62,"-",130.76,68.47,199.22,0.8673,317,229.7
"195","ILE","B",63,"-",99.33,2.96,102.29,0.5996,391,170.6
"196","PRO","B",64,"-",55.24,9.31,64.56,0.3903,360,165.4
"197","VAL","B",65,"-",13.35,5.39,18.75,0.1226,560,152.9
"198","SER","B",66,"-",22.76,13.29,36.05,0.2483,438,145.2
"199","LYS","B",67,"-",101.23,69.26,170.49,0.7422,421,229.7
"200","ILE","B",68,"-",113.49,4.3,117.8,0.6905,444,170.6
"201","ILE","B",69,"-",94.65,7.34,102,0.5979,460,170.6
"202","GLN","B",70,"-",58.02,119.89,177.91,0.8553,292,208
"203","SER","B",71,"-",26.32,11.54,37.86,0.2607,370,145.2
"204","ARG","B",72,"-",42.42,92.24,134.66,0.4898,631,274.9
"205","ILE","B",73,"-",30.9,6.43,37.33,0.2188,599,170.6
"206","HIS","B",74,"-",9.44,8.82,18.26,0.1001,855,182.4
"207","GLN","B",75,"-",10.73,22.74,33.47,0.1609,616,208
"208","ASP","B",76,"-",17.69,40.66,58.35,0.3924,496,148.7
"209","GLU","B",77,"-",36.01,64.19,100.2,0.4975,435,201.4
"210","THR","B",78,"-",44.52,17.46,61.99,0.4062,351,152.6
"211","TRP","B",79,"-",71.47,7.22,78.69,0.4013,834,196.1
"212","ILE","B",80,"-",7.98,1.83,9.81,0.0575,648,170.6
"213","LEU","B",81,"-",10.49,1.78,12.27,0.0781,605,157.1
"214","PHE","B",82,"-",13.29,2.63,15.92,0.0929,946,171.3
"215","LEU","B",83,"-",19.53,7.03,26.57,0.1691,581,157.1
"216","PRO","B",84,"-",27.26,4.56,31.82,0.1924,485,165.4
"217","MET","B",85,"-",15.75,3.78,19.53,0.0854,619,228.7
"218","GLU","B",86,"-",24.83,49.8,74.63,0.3705,524,201.4
"219","TRP","B",87,"-",129.16,15.75,144.92,0.739,674,196.1
"220","GLY","B",88,"-",17.2,25.75,42.96,0.3544,191,121.2
"221","ASP","B",89,"-",9.77,22.1,31.87,0.2143,476,148.7
"222","SER","B",90,"-",18.47,38.38,56.84,0.3915,364,145.2
"223","GLY","B",91,"-",18.05,6.33,24.37,0.2011,307,121.2
"224","VAL","B",92,"-",51.24,3.93,55.16,0.3608,500,152.9
"225","TYR","B",93,"-",16.54,10.07,26.61,0.1295,895,205.5
"226","GLN","B",94,"-",5.77,14.91,20.68,0.0994,757,208
"227","CYS","B",95,"-",10.78,2.65,13.43,0.0927,509,144.9
"228","VAL","B",96,"-",14.11,3.03,17.14,0.1121,550,152.9
"229","ILE","B",97,"-",15.89,2.45,18.34,0.1075,628,170.6
"230","LYS","B",98,"-",89.64,65.85,155.48,0.6769,405,229.7
"231","GLY","B",99,"-",15.99,12.29,28.28,0.2333,241,121.2
"232","ARG","B",100,"-",126.52,166.05,292.57,1.0643,274,274.9
"233","ASP","B",101,"-",56.45,84.33,140.78,0.9467,234,148.7
"234","SER","B",102,"-",26.89,20.26,47.14,0.3247,294,145.2
"235","CYS","B",103,"-",13.47,5.38,18.85,0.1301,360,144.9
"236","HIS","B",104,"-",37.77,26.09,63.85,0.3501,521,182.4
"237","ARG","B",105,"-",12.14,40.35,52.49,0.1909,650,274.9
"238","ILE","B",106,"-",26.57,2.43,29,0.17,517,170.6
"239","HIS","B",107,"-",30.08,22.5,52.58,0.2883,553,182.4
"240","VAL","B",108,"-",21.66,4.59,26.25,0.1717,443,152.9
"241","ASN","B",109,"-",13.62,42.46,56.08,0.3616,441,155.1
"242","LEU","B",110,"-",19.36,3.98,23.34,0.1486,485,157.1
"243","THR","B",111,"-",16.49,9.55,26.04,0.1706,438,152.6
"244","VAL","B",112,"-",9.26,6.49,15.75,0.103,495,152.9
"245","PHE","B",113,"-",60.94,4.65,65.59,0.3829,675,171.3
"246","GLU","B",114,"-",44.89,72.53,117.42,0.583,409,201.4
"247","LYS","B",115,"-",18.7,37.45,56.14,0.2444,670,229.7
"248","HIS","B",116,"-",70.82,42.39,113.21,0.6207,491,182.4
"249","TRP","B",117,"-",147.78,12.9,160.69,0.8194,585,196.1
"250","CYS","B",118,"-",32.71,20.65,53.36,0.3683,349,144.9
"251","ASP","B",119,"-",15.52,26.06,41.58,0.2796,570,148.7
"252","THR","B",120,"-",78.2,50.36,128.57,0.8425,264,152.6
"253","SER","B",121,"-",36.38,48.65,85.03,0.5856,220,145.2
"254","ILE","B",122,"-",47.63,11.3,58.93,0.3454,436,170.6
"255","GLY","B",123,"-",20.89,16.73,37.62,0.3104,222,121.2
"256","GLY","B",124,"-",13.16,6.77,19.93,0.1644,262,121.2
"257","LEU","B",125,"-",25.07,10.73,35.81,0.2279,450,157.1
"258","PRO","B",126,"-",41.25,4.37,45.62,0.2758,408,165.4
"259","ASN","B",127,"-",8.97,34,42.97,0.277,519,155.1
"260","LEU","B",128,"-",138.01,9.25,147.25,0.9373,347,157.1
"261","SER","B",129,"-",15.88,11.35,27.22,0.1875,324,145.2
"262","ASP","B",130,"-",12.22,17.47,29.69,0.1996,495,148.7
"263","GLU","B",131,"-",15.13,24.81,39.94,0.1983,621,201.4
"264","TYR","B",132,"-",29.57,18.26,47.82,0.2327,851,205.5
"265","LYS","B",133,"-",93.97,63.38,157.36,0.6851,444,229.7
"266","GLN","B",134,"-",14.77,19.24,34,0.1635,744,208
"267","ILE","B",135,"-",30.97,6.95,37.92,0.2223,537,170.6
"268","LEU","B",136,"-",22.64,2.99,25.63,0.1632,668,157.1
"269","HIS","B",137,"-",34.33,27.98,62.31,0.3416,692,182.4
"270","LEU","B",138,"-",42.03,7.63,49.66,0.3161,632,157.1
"271","GLY","B",139,"-",21.91,17.51,39.41,0.3252,253,121.2
"272","LYS","B",140,"-",106.58,56.98,163.56,0.7121,452,229.7
"273","ASP","B",141,"-",20.29,50.96,71.25,0.4792,485,148.7
"274","ASP","B",142,"-",14.12,27.54,41.67,0.2802,484,148.7
"275","SER","B",143,"-",14.75,26.97,41.73,0.2874,414,145.2
"276","LEU","B",144,"-",21.06,3.12,24.17,0.1539,657,157.1
"277","THR","B",145,"-",15.89,14.57,30.46,0.1996,532,152.6
"278","CYS","B",146,"-",9.37,4.7,14.08,0.0972,555,144.9
"279","HIS","B",147,"-",35.52,28.96,64.47,0.3535,546,182.4
"280","LEU","B",148,"-",28.05,6.79,34.84,0.2218,607,157.1
"281","HIS","B",149,"-",84.26,48.26,132.52,0.7265,446,182.4
"282","PHE","B",150,"-",36.95,7.5,44.45,0.2595,648,171.3
"283","PRO","B",151,"-",31.56,10.38,41.94,0.2535,421,165.4
"284","LYS","B",152,"-",136.46,63.5,199.95,0.8705,267,229.7
"285","SER","B",153,"-",33.09,30.62,63.71,0.4388,265,145.2
"286","CYS","B",154,"-",107.34,20.29,127.63,0.8808,202,144.9
"287","VAL","B",155,"-",98.42,9.56,107.98,0.7062,276,152.9
"288","LEU","B",156,"-",50.21,15.95,66.16,0.4211,394,157.1
"289","GLY","B",157,"-",38.01,20.51,58.52,0.4828,186,121.2
"290","PRO","B",158,"-",135.94,12.74,148.69,0.899,252,165.4
"291","ILE","B",159,"-",17.16,12.5,29.66,0.1739,623,170.6
"292","LYS","B",160,"-",40.2,24.5,64.71,0.2817,649,229.7
"293","TRP","B",161,"-",20.12,4.32,24.44,0.1246,1356,196.1
"294","TYR","B",162,"-",19.68,12.14,31.83,0.1549,1010,205.5
"295","LYS","B",163,"-",19.41,18.27,37.68,0.1641,783,229.7
"296","ASP","B",164,"-",25.28,34.95,60.23,0.4051,455,148.7
"297","CYS","B",165,"-",41.86,16.61,58.47,0.4035,282,144.9
"298","ASN","B",166,"-",27.35,70.6,97.95,0.6315,320,155.1
"299","GLU","B",167,"-",36.8,79.24,116.04,0.5762,395,201.4
"300","ILE","B",168,"-",18.85,10.3,29.15,0.1709,515,170.6
"301","LYS","B",169,"-",129.36,79.27,208.64,0.9083,284,229.7
"302","GLY","B",170,"-",32.59,18.82,51.41,0.4242,206,121.2
"303","GLU","B",171,"-",99.36,111.77,211.13,1.0483,273,201.4
"304","ARG","B",172,"-",58.81,77.81,136.62,0.497,588,274.9
"305","PHE","B",173,"-",48.26,9.31,57.57,0.3361,741,171.3
"306","THR","B",174,"-",44.9,19.86,64.76,0.4243,426,152.6
"307","VAL","B",175,"-",41.61,19.15,60.75,0.3973,402,152.9
"308","LEU","B",176,"-",104.98,5.15,110.13,0.701,420,157.1
"309","GLU","B",177,"-",49.43,77.93,127.36,0.6324,369,201.4
"310","THR","B",178,"-",18.8,14.34,33.14,0.2172,411,152.6
"311","ARG","B",179,"-",26.33,106.92,133.24,0.4847,524,274.9
"312","LEU","B",180,"-",10.86,3.05,13.92,0.0886,573,157.1
"313","LEU","B",181,"-",60.38,2.78,63.17,0.4021,442,157.1
"314","VAL","B",182,"-",21.8,3.1,24.9,0.1628,500,152.9
"315","SER","B",183,"-",16.39,17.67,34.06,0.2346,338,145.2
"316","ASN","B",184,"-",18.78,63.67,82.46,0.5316,369,155.1
"317","VAL","B",185,"-",12.99,5.22,18.21,0.1191,493,152.9
"318","SER","B",186,"-",22.8,20.05,42.85,0.2951,386,145.2
"319","ALA","B",187,"-",34.85,6.67,41.51,0.2877,329,144.3
"320","GLU","B",188,"-",62.05,59.92,121.96,0.6056,351,201.4
"321","ASP","B",189,"-",11.35,26.26,37.61,0.2529,481,148.7
"322","ARG","B",190,"-",28.55,105.82,134.37,0.4888,542,274.9
"323","GLY","B",191,"-",12.8,5.96,18.76,0.1548,327,121.2
"324","ASN","B",192,"-",13.98,49.17,63.15,0.4071,497,155.1
"325","TYR","B",193,"-",15.71,9.72,25.42,0.1237,880,205.5
"326","ALA","B",194,"-",18.97,3.87,22.84,0.1583,387,144.3
"327","CYS","B",195,"-",8.16,3.6,11.75,0.0811,495,144.9
"328","GLN","B",196,"-",9.4,14.37,23.77,0.1143,670,208
"329","ALA","B",197,"-",17.46,3.51,20.97,0.1454,367,144.3
"330","ILE","B",198,"-",74.24,17.24,91.48,0.5362,468,170.6
"331","LEU","B",199,"-",33.23,2.93,36.17,0.2302,531,157.1
"332","THR","B",200,"-",36.07,34.47,70.54,0.4623,404,152.6
"333","HIS","B",201,"-",36.32,23.96,60.28,0.3305,565,182.4
"334","SER","B",202,"-",42.25,39.47,81.72,0.5628,227,145.2
"335","GLY","B",203,"-",37.57,25.69,63.26,0.522,153,121.2
"336","LYS","B",204,"-",94.28,53.57,147.85,0.6437,392,229.7
"337","GLN","B",205,"-",33.24,98.92,132.16,0.6354,367,208
"338","TYR","B",206,"-",25.09,15.07,40.16,0.1954,681,205.5
"339","GLU","B",207,"-",25.86,24.13,50,0.2482,487,201.4
"340","VAL","B",208,"-",20.02,3.01,23.03,0.1506,419,152.9
"341","LEU","B",209,"-",19.52,15.22,34.74,0.2211,451,157.1
"342","ASN","B",210,"-",12.45,37.39,49.84,0.3213,380,155.1
"343","GLY","B",211,"-",14.76,8.01,22.76,0.1878,243,121.2
"344","ILE","B",212,"-",12.68,2.44,15.12,0.0886,558,170.6
"345","THR","B",213,"-",29.28,10.94,40.22,0.2636,419,152.6
"346","VAL","B",214,"-",15.61,5.88,21.49,0.1405,444,152.9
"347","SER","B",215,"-",24.62,28,52.63,0.3624,309,145.2
"348","ILE","B",216,"-",16.17,15.71,31.88,0.1869,460,170.6
"349","THR","B",217,"-",26.16,10.36,36.52,0.2393,373,152.6
"350","GLU","B",218,"-",56.48,97.06,153.54,0.7624,342,201.4
"351","ARG","B",219,"-",53.04,113.92,166.96,0.6074,429,274.9
"352","ALA","B",220,"-",44.95,15.89,60.84,0.4216,225,144.3
"353","GLY","B",221,"-",30.88,28.22,59.1,0.4876,174,121.2
"354","TYR","B",222,"-",107.87,62.01,169.88,0.8267,477,205.5
"355","GLY","B",223,"-",34.93,39.22,74.15,0.6118,124,121.2
"356","GLY","B",224,"-",42.12,25.75,67.87,0.56,140,121.2
"357","SER","B",225,"-",34.79,27.19,61.98,0.4268,349,145.2
"358","VAL","B",226,"-",75.26,12.41,87.67,0.5734,330,152.9
"359","PRO","B",227,"-",19.62,8.08,27.7,0.1675,601,165.4
"360","LYS","B",228,"-",90.42,55.79,146.2,0.6365,511,229.7
"361","ILE","B",229,"-",12.3,10.51,22.82,0.1337,711,170.6
"362","ILE","B",230,"-",50.5,8.05,58.55,0.3432,530,170.6
"363","TYR","B",231,"-",54.16,36.9,91.06,0.4431,838,205.5
"364","PRO","B",232,"-",12.96,4.2,17.16,0.1038,634,165.4
"365","LYS","B",233,"-",67.22,56.43,123.65,0.5383,468,229.7
"366","ASN","B",234,"-",10.59,45.41,56,0.361,512,155.1
"367","HIS","B",235,"-",66.91,37.83,104.74,0.5742,562,182.4
"368","SER","B",236,"-",22.03,38.81,60.84,0.419,382,145.2
"369","ILE","B",237,"-",57.54,2.66,60.21,0.3529,578,170.6
"370","GLU","B",238,"-",25.42,68.58,94.01,0.4668,531,201.4
"371","VAL","B",239,"-",19.51,3.37,22.88,0.1496,618,152.9
"372","GLN","B",240,"-",41.92,93.74,135.66,0.6522,463,208
"373","LEU","B",241,"-",58.59,13.97,72.56,0.4619,485,157.1
"374","GLY","B",242,"-",15.8,19.71,35.51,0.293,243,121.2
"375","THR","B",243,"-",31.93,8.62,40.55,0.2657,447,152.6
"376","THR","B",244,"-",33.02,33.56,66.58,0.4363,420,152.6
"377","LEU","B",245,"-",35.79,4.94,40.73,0.2593,557,157.1
"378","ILE","B",246,"-",92.39,16,108.39,0.6354,452,170.6
"379","VAL","B",247,"-",18.54,2.47,21.01,0.1374,611,152.9
"380","ASP","B",248,"-",16.1,32.96,49.06,0.3299,567,148.7
"381","CYS","B",249,"-",7.7,2.83,10.53,0.0727,602,144.9
"382","ASN","B",250,"-",8.66,44.37,53.03,0.3419,542,155.1
"383","VAL","B",251,"-",12.88,2.4,15.29,0.1,645,152.9
"384","THR","B",252,"-",22.02,14.9,36.92,0.242,529,152.6
"385","ASP","B",253,"-",4.59,8.92,13.51,0.0908,739,148.7
"386","THR","B",254,"-",9.32,11.81,21.13,0.1385,592,152.6
"387","LYS","B",255,"-",65.37,45.09,110.46,0.4809,523,229.7
"388","ASP","B",256,"-",15.9,36.95,52.85,0.3554,468,148.7
"389","ASN","B",257,"-",7.56,31.25,38.81,0.2503,441,155.1
"390","THR","B",258,"-",34.53,11.66,46.19,0.3027,396,152.6
"391","ASN","B",259,"-",4.37,19.64,24.01,0.1548,578,155.1
"392","LEU","B",260,"-",99.64,7.02,106.65,0.6789,412,157.1
"393","ARG","B",261,"-",11.55,21.9,33.45,0.1217,914,274.9
"394","CYS","B",262,"-",31.52,4.17,35.7,0.2463,466,144.9
"395","TRP","B",263,"-",18.83,9.41,28.24,0.144,1381,196.1
"396","ARG","B",264,"-",11.58,69.17,80.74,0.2937,874,274.9
"397","VAL","B",265,"-",34.83,4.16,39,0.255,527,152.9
"398","ASN","B",266,"-",23.03,77.6,100.63,0.6488,394,155.1
"399","ASN","B",267,"-",32.18,88.86,121.04,0.7804,306,155.1
"400","THR","B",268,"-",49.88,13.52,63.39,0.4154,339,152.6
"401","LEU","B",269,"-",89.77,12.47,102.25,0.6508,360,157.1
"402","VAL","B",270,"-",29.17,13.03,42.19,0.276,470,152.9
"403","ASP","B",271,"-",51.87,87.06,138.93,0.9343,263,148.7
"404","ASP","B",272,"-",23.02,68.29,91.32,0.6141,420,148.7
"405","TYR","B",273,"-",140.65,62.86,203.51,0.9903,442,205.5
"406","TYR","B",274,"-",92.46,49.6,142.06,0.6913,547,205.5
"407","ASP","B",275,"-",9.24,27.68,36.92,0.2483,569,148.7
"408","GLU","B",276,"-",24.27,50.07,74.34,0.3691,536,201.4
"409","SER","B",277,"-",42.47,33.65,76.12,0.5242,340,145.2
"410","LYS","B",278,"-",57.27,54.29,111.56,0.4857,436,229.7
"411","ARG","B",279,"-",85.4,138.33,223.73,0.8139,439,274.9
"412","ILE","B",280,"-",51,16.49,67.49,0.3956,502,170.6
"413","ARG","B",281,"-",71.74,87.34,159.08,0.5787,530,274.9
"414","GLU","B",282,"-",34.21,60.9,95.11,0.4722,479,201.4
"415","GLY","B",283,"-",7,4.74,11.74,0.0969,369,121.2
"416","VAL","B",284,"-",66.8,10.97,77.77,0.5086,400,152.9
"417","GLU","B",285,"-",40.91,45.43,86.34,0.4287,422,201.4
"418","THR","B",286,"-",45.27,22.24,67.51,0.4424,445,152.6
"419","HIS","B",287,"-",108.42,62.9,171.32,0.9392,429,182.4
"420","VAL","B",288,"-",73.69,7.32,81,0.5298,375,152.9
"421","SER","B",289,"-",29.99,32.52,62.51,0.4305,330,145.2
"422","PHE","B",290,"-",45.91,2.29,48.2,0.2814,777,171.3
"423","ARG","B",291,"-",26.85,85.07,111.93,0.4072,517,274.9
"424","GLU","B",292,"-",32.93,59.39,92.32,0.4584,462,201.4
"425","HIS","B",293,"-",36.78,27.39,64.18,0.3519,521,182.4
"426","ASN","B",294,"-",3.32,14.78,18.1,0.1167,582,155.1
"427","LEU","B",295,"-",68.37,3.33,71.7,0.4564,462,157.1
"428","TYR","B",296,"-",14.27,8.79,23.06,0.1122,793,205.5
"429","THR","B",297,"-",21.2,17.77,38.97,0.2554,443,152.6
"430","VAL","B",298,"-",10.06,2.06,12.12,0.0792,511,152.9
"431","ASN","B",299,"-",11,42.32,53.32,0.3438,456,155.1
"432","ILE","B",300,"-",12.19,2.62,14.82,0.0869,562,170.6
"433","THR","B",301,"-",37.2,21.2,58.4,0.3827,387,152.6
"434","PHE","B",302,"-",33.04,3.68,36.72,0.2144,834,171.3
"435","LEU","B",303,"-",100.95,8.28,109.23,0.6953,323,157.1
"436","GLU","B",304,"-",21.02,55.59,76.6,0.3804,476,201.4
"437","VAL","B",305,"-",7.71,3.43,11.15,0.0729,531,152.9
"438","LYS","B",306,"-",60.33,32.36,92.69,0.4035,466,229.7
"439","MET","B",307,"-",93.66,14.01,107.67,0.4708,375,228.7
"440","GLU","B",308,"-",65.56,99.98,165.53,0.8219,367,201.4
"441","ASP","B",309,"-",7.29,12.11,19.4,0.1305,638,148.7
"442","TYR","B",310,"-",37.39,33.66,71.06,0.3458,754,205.5
"443","GLY","B",311,"-",32.75,24.38,57.14,0.4714,188,121.2
"444","LEU","B",312,"-",69.37,7.11,76.48,0.4868,410,157.1
"445","PRO","B",313,"-",45.6,5.79,51.39,0.3107,508,165.4
"446","PHE","B",314,"-",34.4,2.46,36.86,0.2152,802,171.3
"447","MET","B",315,"-",45.09,3.13,48.22,0.2109,596,228.7
"448","CYS","B",316,"-",6.5,2.47,8.96,0.0619,504,144.9
"449","HIS","B",317,"-",27.67,18.34,46.01,0.2522,622,182.4
"450","ALA","B",318,"-",11.97,8.74,20.71,0.1435,349,144.3
"451","GLY","B",319,"-",20.4,11.99,32.39,0.2672,207,121.2
"452","VAL","B",320,"-",84.92,23.47,108.4,0.709,256,152.9
"453","SER","B",321,"-",15.35,14.89,30.24,0.2083,310,145.2
"454","THR","B",322,"-",27.96,30.38,58.34,0.3823,324,152.6
"455","ALA","B",323,"-",12.43,4.9,17.34,0.1201,315,144.3
"456","TYR","B",324,"-",27.2,21.98,49.18,0.2393,753,205.5
"457","ILE","B",325,"-",18.16,2.12,20.28,0.1189,560,170.6
"458","ILE","B",326,"-",46.08,2.8,48.88,0.2865,466,170.6
"459","LEU","B",327,"-",18.16,7.42,25.58,0.1628,494,157.1
"460","GLN","B",328,"-",17.74,45.32,63.06,0.3032,487,208
"461","LEU","B",329,"-",64.72,8.38,73.1,0.4653,385,157.1
"462","PRO","B",330,"-",39.94,14.45,54.39,0.3288,307,165.4
"463","ALA","B",331,"-",104.22,92.12,196.34,1.3606,108,144.3
